{"Objects":[{"object_type":{"instanceID":13410},"location":{"x":-19.350309371948243,"y":2.1880197525024416,"z":-71.73999786376953},"rotz":{"x":0.0,"y":0.0,"z":0.0,"w":1.0}},{"object_type":{"instanceID":13412},"location":{"x":7.589694976806641,"y":-2.324772596359253,"z":-71.73999786376953},"rotz":{"x":0.0,"y":0.0,"z":0.0,"w":1.0}},{"object_type":{"instanceID":13412},"location":{"x":-15.931526184082032,"y":-2.8717777729034426,"z":-71.73999786376953},"rotz":{"x":0.0,"y":0.0,"z":0.0,"w":1.0}}]}