{"Objects":[{"object_type":{"instanceID":13410},"location":{"x":-14.290512084960938,"y":-0.9572586417198181,"z":-71.73999786376953},"rotz":{"x":0.0,"y":0.0,"z":0.0,"w":1.0}},{"object_type":{"instanceID":13412},"location":{"x":12.78625202178955,"y":-5.196550369262695,"z":-71.73999786376953},"rotz":{"x":0.0,"y":0.0,"z":0.0,"w":1.0}},{"object_type":{"instanceID":13412},"location":{"x":0.20512793958187104,"y":-5.333301544189453,"z":-71.73999786376953},"rotz":{"x":0.0,"y":0.0,"z":0.0,"w":1.0}},{"object_type":{"instanceID":13412},"location":{"x":-13.470004081726075,"y":-5.606803894042969,"z":-71.73999786376953},"rotz":{"x":0.0,"y":0.0,"z":0.0,"w":1.0}}]}