{"Objects":[{"object_type":{"instanceID":53986},"location":{"x":-18.05824851989746,"y":-1.8319956064224244,"z":-71.73999786376953},"rotz":{"x":0.0,"y":0.0,"z":0.0,"w":1.0}},{"object_type":{"instanceID":13294},"location":{"x":23.03080940246582,"y":-7.85141134262085,"z":-71.73999786376953},"rotz":{"x":0.0,"y":0.0,"z":0.0,"w":1.0}},{"object_type":{"instanceID":13294},"location":{"x":2.6171376705169679,"y":-7.06627082824707,"z":-71.73999786376953},"rotz":{"x":0.0,"y":0.0,"z":0.0,"w":1.0}},{"object_type":{"instanceID":13294},"location":{"x":-17.011394500732423,"y":-7.06627082824707,"z":-71.73999786376953},"rotz":{"x":0.0,"y":0.0,"z":0.0,"w":1.0}}]}