{"Objects":[{"object_type":{"instanceID":53986},"location":{"x":-4.449134826660156,"y":2.0937106609344484,"z":-71.73999786376953},"rotz":{"x":0.0,"y":0.0,"z":0.0,"w":1.0}},{"object_type":{"instanceID":13294},"location":{"x":9.945120811462403,"y":-4.187419891357422,"z":-71.73999786376953},"rotz":{"x":0.0,"y":0.0,"z":0.0,"w":1.0}},{"object_type":{"instanceID":13294},"location":{"x":-5.7577033042907719,"y":-3.925706386566162,"z":-71.73999786376953},"rotz":{"x":0.0,"y":0.0,"z":0.0,"w":1.0}}]}